PDBid_chain_resName_resNumber,PDBid_cognate_reaction
1gve_A_GOL_1330,1gve_C05979_R02377
1gve_B_GOL_1330,1gve_C00741_R09078
1gve_B_GOL_1336,1gve_C00222_R01604
1g9s_A_IMP_190,1g9s_C04646_R08237
1gve_B_GOL_1336,1gve_C04272_R10916
1c2y_J_LMZ_210,1c2y_C04732_R04457
1hkv_A_LYS_501,1hkv_C00680_R00451
1c2y_R_LMZ_218,1c2y_C04732_R04457
1b3o_A_CPR_631,1b3o_C00130_R01130
1dbt_C_U5P_252,1dbt_C01103_R00965
1e3v_B_DXC_801,1e3v_C01034_R02644
1i72_A_MAO_368,1i72_C01137_R00178
1gve_B_GOL_1336,1gve_C02001_R03572
1fuy_A_FIP_269,1fuy_C03506_R02340
1i7b_A_SMM_368,1i7b_C00019_R00178
1hbu_A_COM_1552,1hbu_C03920_R04541
1i10_B_OXM_805,1i10_C05823_R03104
1gve_B_GOL_1334,1gve_C00741_R09078
1gve_B_GOL_1334,1gve_C01432_R11676
1gve_B_GOL_1330,1gve_C00623_R05680
1gve_B_GOL_1333,1gve_C00937_R02527
1fwr_C_CIT_214,1fwr_C05946_R00471
1e6w_C_EST_302,1e6w_C07635_R09956
1bjp_B_OXP_63,1bjp_C02501_R03966
1gve_A_GOL_1329,1gve_C02457_R03119
1gve_B_GOL_1330,1gve_C02917_R02258
1gve_B_GOL_1331,1gve_C01845_R10703
1im8_B_MSE_205,1im8_C05688_R04931
1gve_B_GOL_1333,1gve_C00810_R02855
1h74_D_ILE_500,1h74_C00263_R01771
1gve_A_GOL_1330,1gve_C02287_R02969
1gzf_D_ADP_1247,1gzf_C16619_R08245
1ghd_B_MSE_294,1ghd_C02378_R00059
1gve_A_GOL_1329,1gve_C01432_R11676
1gve_B_GOL_1333,1gve_C00186_R00703
1gve_B_GOL_1336,1gve_C02912_R03080
1g42_A_CP2_701,1g42_C06609_R05367
1gve_A_GOL_1329,1gve_C00424_R10715
1gve_B_GOL_1334,1gve_C01013_R09289
1gve_B_GOL_1331,1gve_C00266_R01333
1ghe_B_MSE_112,1ghe_C00109_R06987
1gve_B_GOL_1328,1gve_C00118_R07159
1gve_B_GOL_1333,1gve_C06002_R03869
1ik4_C_PGH_153,1ik4_C00111_R01016
1gve_B_GOL_1334,1gve_C00546_R00203
1gve_B_GOL_1334,1gve_C02001_R03572
1gxs_A_BEZ_601,1gxs_C03742_R02676
1gve_A_CIT_1331,1gve_C00418_R02247
1gve_A_GOL_1329,1gve_C00207_R01550
1e6v_A_COM_1555,1e6v_C03920_R04541
1gve_B_GOL_1336,1gve_C00474_R01895
1gzf_D_ADP_1247,1gzf_C16615_R08238
1gu1_A_FA1_201,1gu1_C00944_R03084
1gve_B_GOL_1336,1gve_C02287_R02969
1gve_A_GOL_1330,1gve_C00022_R00398
1gve_A_GOL_1329,1gve_C00258_R01747
1hnn_B_SAH_2002,1hnn_C00019_R02533
1gve_B_GOL_1328,1gve_C03046_R03707
1b2y_A_AC1_1992,1b2y_C00208_R11262
1ghe_B_MSE_43,1ghe_C04650_R08938
1gve_B_GOL_1333,1gve_C00583_R02259
1fq0_C_CIT_511,1fq0_C05946_R00471
1gs3_A_EQU_801,1gs3_C20252_R09955
1a50_A_FIP_270,1a50_C03506_R02340
1b4e_A_SHF_407,1b4e_C00430_R00036
1ghe_B_MSE_112,1ghe_C04650_R08938
1gt8_B_UAA_1035,1gt8_C21028_R01415
1gt8_C_UAA_1035,1gt8_C21028_R01415
1gve_A_GOL_1329,1gve_C00379_R01904
1gve_B_GOL_1331,1gve_C00256_R00198
1ddx_C_PGX_2701,1ddx_C00427_R01599
1gve_B_GOL_1336,1gve_C00186_R01447
1bg9_A_DAF_800,1bg9_C00208_R11262
1gve_B_GOL_1334,1gve_C01089_R01361
1ghd_B_MSE_73,1ghd_C02378_R00059
1gve_B_GOL_1328,1gve_C00900_R03051
1bq1_A_UMP_565,1bq1_C00364_R02101
1ca7_C_ENO_701,1ca7_C00166_R01378
1cqs_B_EQU_802,1cqs_C20252_R09955
1dvr_B_ATF_230,1dvr_C00008_R00127
1a7a_A_MSE_262,1a7a_C05698_R04936
1gve_B_GOL_1328,1gve_C00222_R01607
1gve_B_GOL_1336,1gve_C01188_R02047
1fag_A_PAM_473,1fag_C14814_R07045
1bjp_B_OXP_63,1bjp_C07478_R05389
1dqx_D_BMP_604,1dqx_C01103_R00965
1ik4_E_PGH_153,1ik4_C00111_R01016
1gve_B_GOL_1328,1gve_C00379_R09477
1bhn_A_GDP_161,1bhn_C00361_R01857
1geb_A_CAM_418,1geb_C03448_R03818
1gve_A_GOL_1329,1gve_C00741_R09078
1gve_B_GOL_1328,1gve_C00546_R00205
1dqx_C_BMP_603,1dqx_C01103_R00965
1g9s_A_IMP_190,1g9s_C00655_R02142
1egh_D_PGA_231,1egh_C00111_R01016
1ghe_A_MSE_112,1ghe_C08492_R09631
1ghe_B_MSE_38,1ghe_C00263_R01777
1gve_A_GOL_1329,1gve_C01845_R10703
1gve_B_GOL_1328,1gve_C01380_R01781
1gve_B_GOL_1328,1gve_C03044_R02946
1ghe_A_MSE_38,1ghe_C00263_R01777
1gve_B_GOL_1336,1gve_C01089_R01361
1gz4_D_FUM_605,1gz4_C00036_R00217
1gve_B_GOL_1331,1gve_C05985_R02940
1gve_B_GOL_1330,1gve_C05999_R02531
1i10_C_OXM_808,1i10_C05984_R01000
1ghe_A_MSE_97,1ghe_C00263_R01777
1f3t_B_PUT_1004,1f3t_C00077_R00670
1gve_B_GOL_1331,1gve_C16884_R08573
1fm7_B_DFV_502,1fm7_C00766_R07344
1gve_B_GOL_1334,1gve_C06002_R03869
1gve_A_CIT_1331,1gve_C04411_R10052
1h7x_D_URF_1033,1h7x_C00429_R00978
1gve_A_CIT_1331,1gve_C03196_R00298
1gve_B_GOL_1336,1gve_C01013_R01608
1gu1_H_FA1_201,1gu1_C00944_R03084
1i10_C_OXM_808,1i10_C00186_R00703
1gve_A_CIT_1331,1gve_C00489_R10982
1gve_B_GOL_1330,1gve_C01380_R01781
1gve_B_GOL_1334,1gve_C02917_R02258
1gve_B_GOL_1336,1gve_C06010_R05071
1gve_A_GOL_1330,1gve_C03046_R03707
1gve_A_GOL_1329,1gve_C06010_R05071
1f7k_A_UMP_704,1f7k_C00460_R02100
1afs_A_TES_325,1afs_C05472_R04833
1d4f_C_ADN_603,1d4f_C05692_R04936
1g0o_A_PYQ_1404,1g0o_C01624_R03322
1gve_A_GOL_1330,1gve_C00222_R01607
1afs_B_TES_325,1afs_C05472_R04833
1gt8_D_UAA_1035,1gt8_C00429_R00978
1gve_A_CIT_1331,1gve_C18345_R09272
1d6n_B_PPO_301,1d6n_C00262_R01132
1gve_B_GOL_1328,1gve_C06010_R05071
1ghe_B_MSE_38,1ghe_C03401_R04211
1gve_B_GOL_1333,1gve_C16884_R11342
1g76_A_PLP_260,1g76_C00647_R00277
1gve_B_GOL_1328,1gve_C16884_R11342
1fm8_A_DDC_501,1fm8_C09614_R07995
1gsu_B_GTX_220,1gsu_C14871_R07116
1i10_A_OXM_802,1i10_C05984_R01000
1gve_A_GOL_1329,1gve_C01380_R01781
1dgk_N_ADP_921,1dgk_C00206_R02868
1h0c_A_GOL_1395,1h0c_C00168_R00585
1h17_A_OXM_1001,1h17_C00022_R00212
1gve_B_GOL_1333,1gve_C00093_R00845
1gve_B_GOL_1334,1gve_C06010_R05071
1gve_B_GOL_1331,1gve_C01188_R02047
1ghe_B_MSE_97,1ghe_C03283_R06978
1btm_B_PGA_570,1btm_C00118_R01015
1gve_B_GOL_1334,1gve_C00222_R01604
1gzf_D_ADP_1247,1gzf_C00144_R01229
1c2y_G_LMZ_207,1c2y_C04732_R04457
1c2y_S_LMZ_219,1c2y_C04732_R04457
1aq6_A_FMT_254,1aq6_C06755_R05287
1cza_N_G6P_921,1cza_C00352_R01964
1gve_B_GOL_1331,1gve_C00810_R02855
1cde_C_GAR_222,1cde_C04376_R04326
1gve_A_GOL_1329,1gve_C00532_R01759
1f7p_A_UDP_701,1f7p_C00460_R02100
1fdj_D_13P_8001,1fdj_C00279_R01829
1gve_B_GOL_1333,1gve_C00222_R01604
1i10_D_OXM_811,1i10_C00186_R00703
1gve_A_GOL_1330,1gve_C00164_R05713
1ghe_A_MSE_97,1ghe_C00077_R00664
1gve_B_GOL_1334,1gve_C00424_R02260
1gve_B_GOL_1328,1gve_C00583_R10717
1gve_B_GOL_1333,1gve_C00164_R05713
1d2h_D_SAH_4301,1d2h_C00019_R00367
1gve_B_GOL_1336,1gve_C02917_R02258
1gve_B_GOL_1333,1gve_C02912_R03080
1gve_A_GOL_1330,1gve_C00118_R01058
1gve_B_GOL_1330,1gve_C00118_R07159
1fm7_B_DFV_502,1fm7_C00509_R02446
1gve_B_GOL_1328,1gve_C00022_R11593
1if2_A_129_600,1if2_C00118_R01015
1cde_D_GAR_222,1cde_C04376_R04326
1fdt_A_EST_350,1fdt_C05141_R04682
1d7a_C_AIR_400,1d7a_C15667_R07405
1amk_A_PGA_600,1amk_C00118_R01015
1fp2_A_HMO_2000,1fp2_C10521_R06794
1afs_B_TES_325,1afs_C03072_R10423
1gve_A_CIT_1331,1gve_C01088_R01211
1gve_A_GOL_1329,1gve_C01569_R03577
1gve_B_GOL_1330,1gve_C00937_R02527
1gve_B_GOL_1328,1gve_C21291_R11350
1gzf_C_ADP_1253,1gzf_C00170_R01402
1bjp_D_OXP_63,1bjp_C02501_R03966
1h0r_A_FA1_200,1h0r_C00944_R03084
1hmp_B_5GP_800,1hmp_C00655_R02142
1afs_B_TES_325,1afs_C05470_R04829
1gve_B_GOL_1331,1gve_C00583_R10717
1gu1_G_FA1_201,1gu1_C00944_R03084
1fdu_B_EST_354,1fdu_C18075_R08980
1gve_B_GOL_1330,1gve_C06002_R03869
1gve_B_GOL_1334,1gve_C06001_R05066
1gve_B_GOL_1331,1gve_C02912_R03080
1gve_B_GOL_1333,1gve_C01569_R03577
1gve_A_GOL_1329,1gve_C02001_R03572
1fp1_D_HCC_2000,1fp1_C01592_R03623
1gm8_B_SOX_1559,1gm8_C05551_R04103
1gz4_A_FUM_605,1gz4_C00036_R00217
1gve_B_GOL_1333,1gve_C00424_R01446
1dgk_N_GLC_919,1dgk_C00329_R01965
1i10_E_OXM_814,1i10_C05984_R01000
1ghe_A_MSE_112,1ghe_C00077_R00664
1ghe_B_MSE_97,1ghe_C00077_R00664
1i80_C_9HX_303,1i80_C00385_R02297
1aq6_A_FMT_255,1aq6_C06755_R05287
1gve_B_GOL_1331,1gve_C00379_R01431
1ghe_A_MSE_38,1ghe_C08492_R09631
1gse_A_BME_225,1gse_C14870_R07116
1gve_A_GOL_1329,1gve_C03044_R02946
1gve_B_GOL_1334,1gve_C01845_R10703
1a7a_A_MSE_358,1a7a_C05698_R04936
1gl3_A_CYS_501,1gl3_C00441_R02291
1gve_B_GOL_1330,1gve_C00900_R03051
1h7x_A_URF_1033,1h7x_C21028_R01415
1fag_D_PAM_473,1fag_C14814_R07045
1gm9_B_SOX_1569,1gm9_C05551_R04103
1h7o_A_DAV_1342,1h7o_C00430_R00036
1gu1_E_FA1_201,1gu1_C00944_R03084
1i79_A_MHZ_368,1i79_C01137_R00178
1gve_B_GOL_1328,1gve_C02457_R03119
1gve_A_GOL_1329,1gve_C00186_R01447
1hmp_B_5GP_800,1hmp_C04646_R08237
1h7n_A_SHF_1341,1h7n_C00430_R00036
1hbn_A_COM_1552,1hbn_C03920_R04541
1gve_B_GOL_1336,1gve_C00424_R10715
1ccw_B_TAR_900,1ccw_C03618_R00262
1gve_B_GOL_1331,1gve_C05999_R02531
1gve_B_GOL_1336,1gve_C00256_R11591
1hnn_A_SAH_2001,1hnn_C00019_R02533
1gve_B_GOL_1331,1gve_C06001_R05066
1c81_A_FDQ_441,1c81_C00665_R02731
1gve_A_GOL_1330,1gve_C00266_R01333
1a97_C_5GP_306,1a97_C00655_R02142
1h7x_B_URF_1033,1h7x_C00429_R00978
1gt8_B_UAA_1035,1gt8_C00429_R00978
1gve_A_CIT_1331,1gve_C00026_R00716
1gve_A_GOL_1329,1gve_C01089_R01361
1dz9_B_CAM_502,1dz9_C03448_R03818
1gve_B_GOL_1333,1gve_C01380_R01781
1bhn_D_GDP_161,1bhn_C00361_R01857
1gve_A_GOL_1329,1gve_C03197_R03225
1dgk_N_ADP_922,1dgk_C00104_R00876
1a7a_B_MSE_167,1a7a_C05698_R04936
1g78_A_PLP_260,1g78_C00647_R00277
1bhn_B_GDP_161,1bhn_C00104_R00722
1gve_B_GOL_1334,1gve_C00207_R08207
1gse_A_BME_226,1gse_C14870_R07116
1dqn_B_IMU_301,1dqn_C00655_R02142
1i80_B_9HX_302,1i80_C00262_R02748
1fdu_A_EST_351,1fdu_C18075_R08980
1gve_B_GOL_1328,1gve_C00474_R01895
1gve_B_GOL_1330,1gve_C00379_R01896
1a95_C_GUN_303,1a95_C00385_R02142
1ami_A_MIC_755,1ami_C00311_R01324
1gu1_B_FA1_201,1gu1_C00944_R03084
1gve_B_GOL_1331,1gve_C05984_R01000
1i10_D_OXM_811,1i10_C05823_R03104
1fm7_A_DFV_501,1fm7_C00509_R02446
1gve_B_GOL_1334,1gve_C04272_R04440
1hm2_A_ASG_712,1hm2_C04864_R10870
1fag_C_PAM_473,1fag_C05966_R07043
1fq0_C_CIT_511,1fq0_C01127_R00470
1gve_B_GOL_1330,1gve_C00474_R01895
1gzf_D_ADP_1247,1gzf_C15586_R08368
1d2h_A_SAH_1301,1d2h_C00019_R00367
1bhn_E_GDP_161,1bhn_C00104_R00722
1f3t_C_PUT_1006,1f3t_C00077_R00670
1ghe_B_MSE_97,1ghe_C04650_R08938
1gve_A_GOL_1330,1gve_C00424_R02260
1gve_B_GOL_1333,1gve_C01432_R11676
1i10_H_OXM_823,1i10_C05823_R03104
1gve_A_GOL_1330,1gve_C02917_R02258
1gve_B_GOL_1334,1gve_C05984_R01000
1e56_B_BGC_513,1e56_C01594_R10040
1g4t_A_FTP_2001,1g4t_C01081_R11312
1gve_B_GOL_1331,1gve_C20657_R10504
1gzf_C_ADP_1253,1gzf_C16619_R08245
1gve_B_GOL_1333,1gve_C05999_R02531
1fdu_D_EST_352,1fdu_C18075_R08945
1aw1_G_PGA_290,1aw1_C00118_R01015
1gve_B_GOL_1330,1gve_C00164_R05713
1gzf_C_ADP_1253,1gzf_C15586_R08368
1gve_A_GOL_1330,1gve_C05985_R02940
1gve_B_GOL_1334,1gve_C00623_R05680
1h16_A_PYR_1001,1h16_C00109_R06987
1gve_B_GOL_1328,1gve_C05985_R02940
1gve_B_GOL_1331,1gve_C00258_R01745
1gve_B_GOL_1328,1gve_C00810_R02855
1a7a_A_MSE_419,1a7a_C05698_R04936
1b0j_A_ICT_756,1b0j_C00417_R01325
1gve_B_GOL_1333,1gve_C01845_R10703
1bhn_E_GDP_161,1bhn_C00361_R01857
1ghe_A_MSE_38,1ghe_C00077_R00664
1dqa_D_MAH_203,1dqa_C00418_R02082
1gve_B_GOL_1334,1gve_C05985_R02940
1fdj_D_13P_8002,1fdj_C00279_R01829
1gve_B_GOL_1331,1gve_C01620_R03733
1gve_B_GOL_1334,1gve_C01904_R05604
1hbo_A_COM_1552,1hbo_C03920_R04541
1hmp_B_5GP_800,1hmp_C16615_R08238
1gve_A_GOL_1329,1gve_C01188_R02047
1hbn_D_COM_1552,1hbn_C03920_R04541
1i10_G_OXM_820,1i10_C05823_R03104
1h7x_D_URF_1033,1h7x_C21028_R01415
1bhn_F_GDP_161,1bhn_C00104_R00722
1gve_B_GOL_1328,1gve_C00207_R01550
1gve_A_GOL_1329,1gve_C03046_R03707
1gve_B_GOL_1331,1gve_C00741_R09078
1g9t_A_5GP_190,1g9t_C00655_R02142
1gve_A_GOL_1330,1gve_C00546_R10718
1gve_B_GOL_1331,1gve_C03046_R03707
1gve_B_GOL_1334,1gve_C00186_R00703
1fpb_A_FDP_337,1fpb_C05378_R04780
1hp1_A_ATP_606,1hp1_C00130_R01126
1fin_A_ATP_299,1fin_C00008_R00162
1dgp_A_FOH_402,1dgp_C00448_R02307
1gt8_A_UAA_1035,1gt8_C00429_R00978
1i10_A_OXM_802,1i10_C00186_R00703
1gve_A_GOL_1330,1gve_C01380_R01781
1gve_B_GOL_1331,1gve_C06002_R03869
1dqn_B_IMU_301,1dqn_C16615_R08238
1cde_B_GAR_222,1cde_C04376_R04326
1gse_B_BME_225,1gse_C14870_R07116
1h49_A_BGC_1503,1h49_C01594_R10040
1gve_A_GOL_1330,1gve_C00186_R01447
1gve_A_GOL_1330,1gve_C16884_R08573
1gve_A_GOL_1330,1gve_C11822_R06830
1dvj_A_UP6_5001,1dvj_C01103_R00965
1gzf_D_ADP_1247,1gzf_C00130_R01132
1hmw_A_ASG_709,1hmw_C04864_R10870
1gzf_C_ADP_1253,1gzf_C01762_R02297
1h74_B_ILE_500,1h74_C00263_R01771
1aom_A_2NO_603,1aom_C00192_R00284
1gve_B_GOL_1333,1gve_C00258_R01747
1bhn_F_GDP_161,1bhn_C00361_R01857
1gve_B_GOL_1334,1gve_C00532_R01758
1bhn_B_GDP_161,1bhn_C00008_R00124
1gzf_D_ADP_1247,1gzf_C00170_R01402
1dvj_C_UP6_5003,1dvj_C01103_R00965
1a27_A_EST_350,1a27_C05141_R04682
1gve_B_GOL_1330,1gve_C01188_R02047
1afs_B_TES_325,1afs_C05452_R04819
1hmp_A_5GP_300,1hmp_C00655_R02142
1dgk_N_ADP_921,1dgk_C00131_R02850
1i0z_A_OXM_402,1i0z_C05823_R03104
1gve_B_GOL_1334,1gve_C01569_R03577
1fm8_A_DDC_501,1fm8_C00766_R07344
1gve_B_GOL_1328,1gve_C02917_R02258
1gve_B_GOL_1336,1gve_C00900_R03051
1gve_A_CIT_1331,1gve_C04484_R01632
1gve_B_GOL_1336,1gve_C00741_R09078
1gve_B_GOL_1330,1gve_C00186_R00703
1gzf_C_ADP_1253,1gzf_C00144_R01229
1fm8_A_DDC_501,1fm8_C09827_R07990
1gve_A_GOL_1330,1gve_C00583_R02257
1bhn_D_GDP_161,1bhn_C00104_R00722
1c2y_M_LMZ_213,1c2y_C04732_R04457
1gve_A_GOL_1330,1gve_C00623_R05680
1gve_B_GOL_1334,1gve_C00900_R03051
1fmc_A_CHO_301,1fmc_C00695_R02792
1i80_A_9HX_301,1i80_C15587_R08368
1ghe_B_MSE_38,1ghe_C03283_R06978
1e1f_B_PSG_513,1e1f_C05839_R04998
1gve_A_GOL_1329,1gve_C00022_R00666
1gve_B_GOL_1336,1gve_C00266_R01333
1hmp_B_5GP_800,1hmp_C16619_R08245
1afs_B_TES_325,1afs_C05469_R04830
1fq0_A_CIT_509,1fq0_C01127_R00470
1gve_A_GOL_1330,1gve_C06002_R03869
1e56_A_BGC_513,1e56_C01594_R10040
1fmc_B_CHO_301,1fmc_C00695_R02792
1ghe_B_MSE_97,1ghe_C08492_R09631
1gve_B_GOL_1331,1gve_C01432_R11676
1ghe_A_MSE_112,1ghe_C04650_R08938
1e3v_A_DXC_801,1e3v_C20252_R09955
1gve_A_CIT_1331,1gve_C06006_R05069
1fag_C_PAM_473,1fag_C14814_R07045
1gve_B_GOL_1331,1gve_C04272_R04440
1aoq_A_2NO_603,1aoq_C00192_R00284
1byd_A_DOM_496,1byd_C00208_R11262
1fwr_B_CIT_214,1fwr_C05946_R00471
1f3t_D_PUT_1008,1f3t_C00077_R00670
1gve_B_GOL_1330,1gve_C00424_R10715
1gve_B_GOL_1333,1gve_C00118_R07159
1bjg_A_UFP_266,1bjg_C00365_R02101
1afs_A_TES_325,1afs_C05454_R04825
1eyq_A_NAR_501,1eyq_C09614_R07995
1gve_B_GOL_1331,1gve_C00546_R02528
1a59_A_CIT_379,1a59_C02225_R00931
1c2y_T_LMZ_220,1c2y_C04732_R04457
1afs_A_TES_325,1afs_C05476_R04837
1chm_B_CMS_404,1chm_C00300_R01566
1e3r_B_AND_801,1e3r_C01034_R02644
1ghe_A_MSE_112,1ghe_C00109_R06987
1gve_A_GOL_1329,1gve_C00810_R02855
1gve_A_GOL_1329,1gve_C02912_R03080
1gve_B_GOL_1328,1gve_C05823_R03104
1gve_A_GOL_1329,1gve_C00623_R05679
1ghe_B_MSE_38,1ghe_C00109_R06987
1fm7_A_DFV_501,1fm7_C09614_R07995
1gt8_D_UAA_1035,1gt8_C07649_R08226
1aw1_J_PGA_290,1aw1_C00118_R01015
1e55_B_DHR_514,1e55_C00561_R02558
1afs_B_TES_325,1afs_C05478_R04842
1d4f_D_ADN_604,1d4f_C05692_R04936
1ahi_A_CHO_301,1ahi_C00695_R02792
1afs_A_TES_325,1afs_C05452_R04819
1bhn_B_GDP_161,1bhn_C01344_R03530
1fag_A_PAM_473,1fag_C14782_R07044
1ghe_A_MSE_38,1ghe_C00109_R06987
1gve_B_GOL_1331,1gve_C00623_R05679
1gve_A_GOL_1330,1gve_C05984_R01000
1ci7_B_UMP_765,1ci7_C00364_R02101
1ghe_B_MSE_43,1ghe_C08492_R09631
1ah0_A_ACE_0,1ah0_C00583_R02577
1gve_B_GOL_1333,1gve_C21291_R11350
1bhn_E_GDP_161,1bhn_C00008_R00124
1gve_B_GOL_1333,1gve_C05979_R02377
1i10_G_OXM_820,1i10_C00186_R00703
1beu_A_IPL_273,1beu_C03506_R02340
1dpm_B_EBP_903,1dpm_C06604_R05421
1gve_B_GOL_1333,1gve_C00474_R01895
1gve_B_GOL_1336,1gve_C00207_R01550
1gve_B_GOL_1330,1gve_C20657_R10504
1gve_A_GOL_1330,1gve_C00474_R01895
1e3v_A_DXC_801,1e3v_C01034_R02644
1g9t_A_5GP_190,1g9t_C00130_R01132
1gve_A_CIT_1331,1gve_C04480_R01507
1gve_A_CIT_1331,1gve_C06032_R00994
1dpm_A_EBP_901,1dpm_C06604_R05421
1gzf_C_ADP_1253,1gzf_C00655_R02142
1i10_H_OXM_823,1i10_C00186_R00703
1egh_F_PGA_251,1egh_C00111_R01016
1afs_A_TES_325,1afs_C05474_R04835
1bhn_A_GDP_161,1bhn_C00104_R00722
1egh_B_PGA_211,1egh_C00111_R01016
1ghe_A_MSE_97,1ghe_C03283_R06978
1gve_A_GOL_1329,1gve_C00546_R10718
1gve_B_GOL_1334,1gve_C01620_R03733
1c2t_B_GAR_221,1c2t_C04376_R04326
1c2t_A_GAR_223,1c2t_C04376_R04326
1fm8_A_DDC_501,1fm8_C00509_R02446
1c2y_O_LMZ_215,1c2y_C04732_R04457
1gve_B_GOL_1333,1gve_C04272_R04440
1daf_A_DSD_225,1daf_C01037_R03182
1gve_A_GOL_1330,1gve_C06010_R05071
1gve_B_GOL_1336,1gve_C05984_R01000
1egh_C_PGA_221,1egh_C00111_R01016
1d6n_A_PPO_300,1d6n_C00262_R01132
1gqt_D_RIB_1310,1gqt_C01801_R02750
1gve_B_GOL_1328,1gve_C11822_R06830
1gve_B_GOL_1336,1gve_C00118_R07159
1hmp_A_5GP_300,1hmp_C04646_R08237
1gve_B_GOL_1328,1gve_C05999_R02531
1a7a_B_MSE_419,1a7a_C05698_R04936
1hqs_A_CIT_425,1hqs_C05379_R00268
1hmp_A_5GP_300,1hmp_C16619_R08245
1gve_B_GOL_1328,1gve_C02001_R03572
1gzf_C_ADP_1253,1gzf_C00130_R01132
1h0c_A_GOL_1397,1h0c_C00168_R00585
1gve_B_GOL_1336,1gve_C05985_R02940
1gve_B_GOL_1334,1gve_C05999_R02531
1ccw_D_TAR_900,1ccw_C03618_R00262
1gve_A_CIT_1331,1gve_C04236_R01652
1gve_B_GOL_1331,1gve_C01089_R01361
1gve_B_GOL_1328,1gve_C01432_R11676
1b3o_B_CPR_631,1b3o_C04646_R08240
1gu1_F_FA1_201,1gu1_C00944_R03084
1ia9_B_ANP_2003,1ia9_C00008_R00162
1gve_B_GOL_1333,1gve_C00207_R01550
1gve_A_GOL_1329,1gve_C00093_R00845
1gve_B_GOL_1331,1gve_C01904_R05604
1gve_B_GOL_1334,1gve_C02287_R02969
1i10_C_OXM_808,1i10_C05823_R03104
1ghe_B_MSE_112,1ghe_C08492_R09631
1gqt_C_RIB_1312,1gqt_C01801_R02750
1gyy_A_FHC_500,1gyy_C01179_R03342
1gve_A_GOL_1329,1gve_C16884_R08573
1gve_A_GOL_1330,1gve_C02912_R03080
1ik4_D_PGH_153,1ik4_C00111_R01016
1gve_A_GOL_1330,1gve_C01845_R10703
1gve_A_GOL_1330,1gve_C00937_R01735
1gve_A_GOL_1330,1gve_C00900_R03051
1gve_B_GOL_1333,1gve_C03046_R03707
1fcv_A_NAG_402,1fcv_C16265_R07825
1gve_B_GOL_1333,1gve_C03197_R03225
1g78_A_PLP_270,1g78_C00647_R00277
1gve_B_GOL_1333,1gve_C05984_R01000
1g9s_A_IMP_190,1g9s_C16619_R08245
1gve_B_GOL_1330,1gve_C11822_R06830
1gve_B_GOL_1334,1gve_C03197_R03225
1gz3_D_FUM_605,1gz3_C00149_R00214
1h73_A_THR_401,1h73_C00263_R01771
1ghe_A_MSE_97,1ghe_C03401_R04211
1gve_A_GOL_1330,1gve_C04272_R10916
1gve_B_GOL_1334,1gve_C16884_R08573
1gve_B_GOL_1330,1gve_C03197_R03225
1c2y_B_LMZ_202,1c2y_C04732_R04457
1a9t_A_HPA_290,1a9t_C00147_R01561
1ia9_A_ANP_2002,1ia9_C00008_R00162
1egh_E_PGA_241,1egh_C00111_R01016
1fq0_B_CIT_510,1fq0_C20485_R10283
1i0z_A_OXM_402,1i0z_C05984_R01000
1gve_B_GOL_1336,1gve_C00093_R00849
1a5s_A_FIP_270,1a5s_C03506_R02340
1fpb_B_FDP_336,1fpb_C05378_R04780
1i10_F_OXM_817,1i10_C05823_R03104
1gzf_C_ADP_1253,1gzf_C05513_R02646
1e4i_A_G2F_2000,1e4i_C00221_R00026
1cza_N_ADP_922,1cza_C00206_R01140
1gve_B_GOL_1331,1gve_C00186_R00703
1gve_A_GOL_1329,1gve_C01620_R03733
1a7a_B_MSE_358,1a7a_C05698_R04936
1afs_B_TES_325,1afs_C05454_R04825
1gve_A_GOL_1329,1gve_C00583_R02259
1gzf_C_NIR_1252,1gzf_C03169_R02298
1fag_A_PAM_473,1fag_C05966_R07042
1d6n_A_PPO_300,1d6n_C00242_R01229
1gve_A_CIT_1331,1gve_C17212_R08621
1gve_A_GOL_1330,1gve_C00741_R09078
1hmw_A_NG6_712,1hmw_C04865_R10872
1ghe_B_MSE_112,1ghe_C00263_R01777
1gve_B_GOL_1333,1gve_C01013_R09289
1ghe_B_MSE_97,1ghe_C00109_R06987
1gw2_A_FER_601,1gw2_C02646_R04007
1akd_A_CAM_420,1akd_C03448_R03818
1c2y_I_LMZ_209,1c2y_C04732_R04457
1gve_B_GOL_1330,1gve_C05823_R03104
1aw1_H_PGA_290,1aw1_C00118_R01015
1gve_B_GOL_1334,1gve_C00256_R00297
1gwv_A_LAT_1371,1gwv_C00611_R04531
1gve_A_CIT_1331,1gve_C01685_R01079
1gve_A_CIT_1331,1gve_C00149_R00361
1bhn_D_GDP_161,1bhn_C00008_R00124
1gz4_C_FUM_605,1gz4_C00036_R00217
1c2y_P_LMZ_216,1c2y_C04732_R04457
1cza_N_ADP_922,1cza_C00104_R02849
1dgp_B_FOH_401,1dgp_C00448_R02307
1gve_B_GOL_1330,1gve_C00222_R01607
1ds5_A_AMP_501,1ds5_C00008_R00162
1gve_B_GOL_1336,1gve_C16884_R08573
1bhn_E_GDP_161,1bhn_C01344_R03530
1gzf_C_ADP_1253,1gzf_C04646_R08237
1i10_H_OXM_823,1i10_C05984_R01000
1i10_A_OXM_802,1i10_C05823_R03104
1a7a_B_MSE_56,1a7a_C05698_R04936
1hmp_A_5GP_300,1hmp_C16615_R08238
1gve_B_GOL_1336,1gve_C01569_R03577
1ddx_A_PGX_701,1ddx_C00427_R01599
1i10_D_OXM_811,1i10_C05984_R01000
1diq_A_PCR_798,1diq_C14582_R11194
1a7a_B_MSE_351,1a7a_C05698_R04936
1gve_B_GOL_1331,1gve_C01380_R01781
1gve_B_GOL_1331,1gve_C02917_R02258
1gve_B_GOL_1331,1gve_C05979_R02377
1gve_B_GOL_1333,1gve_C01089_R01361
1h7x_C_URF_1033,1h7x_C21028_R01415
1gve_B_GOL_1331,1gve_C00532_R01758
1gve_B_GOL_1334,1gve_C00022_R00398
1gve_B_GOL_1336,1gve_C01904_R07144
1e6y_A_COM_2572,1e6y_C03920_R04541
1gve_B_GOL_1328,1gve_C01188_R02047
1i80_A_9HX_301,1i80_C00242_R02147
1aw1_E_PGA_290,1aw1_C00118_R01015
1bhn_C_GDP_161,1bhn_C01344_R03530
1gve_B_GOL_1336,1gve_C00546_R10718
1gve_B_GOL_1330,1gve_C02287_R02969
1fdu_A_EST_351,1fdu_C05141_R04681
1gve_B_GOL_1334,1gve_C21291_R11350
1gzf_C_NIR_1252,1gzf_C12739_R08222
1gve_B_GOL_1330,1gve_C00266_R01333
1ik4_B_PGH_153,1ik4_C00111_R01016
1i29_A_LPG_460,1i29_C05688_R03599
1gve_B_GOL_1328,1gve_C06001_R05066
1bhn_B_GDP_161,1bhn_C00361_R01857
1ghe_B_MSE_112,1ghe_C00077_R00664
1gve_B_GOL_1331,1gve_C00093_R00845
1gve_B_GOL_1334,1gve_C00164_R05713
1gve_B_GOL_1334,1gve_C05823_R03104
1fwr_A_CIT_214,1fwr_C20485_R10283
1ghe_B_MSE_43,1ghe_C00077_R00664
1c2y_L_LMZ_212,1c2y_C04732_R04457
1ghe_B_MSE_38,1ghe_C04650_R08938
1gve_A_GOL_1329,1gve_C00900_R03051
1gve_A_GOL_1329,1gve_C01013_R09289
1cja_A_AMP_425,1cja_C00008_R00162
1gve_B_GOL_1336,1gve_C03046_R03707
1gve_B_GOL_1331,1gve_C00900_R03051
1gve_B_GOL_1333,1gve_C03044_R02946
1hp1_A_ATP_606,1hp1_C00020_R00183
1dgk_N_GLC_918,1dgk_C00329_R01964
1afs_A_TES_325,1afs_C05469_R04830
1gve_B_GOL_1328,1gve_C05984_R01000
1gve_B_GOL_1336,1gve_C01380_R01781
1gve_A_GOL_1329,1gve_C00164_R05713
1fm8_A_DDC_501,1fm8_C09762_R06556
1gve_B_GOL_1336,1gve_C11822_R06830
1g67_A_TZP_2005,1g67_C20247_R10712
1gzf_C_ADP_1253,1gzf_C16615_R08238
1hoo_A_GNH_432,1hoo_C00130_R01135
1f7n_B_UMP_337,1f7n_C00460_R02100
1h7x_A_URF_1033,1h7x_C00429_R00978
1cde_A_GAR_222,1cde_C04376_R04326
1gve_A_GOL_1330,1gve_C00093_R00844
1fdj_D_13P_8002,1fdj_C00577_R02568
1ghe_B_MSE_38,1ghe_C00077_R00664
1gve_B_GOL_1330,1gve_C03044_R02946
1dz6_A_CAM_502,1dz6_C03448_R03818
1gve_B_GOL_1333,1gve_C21290_R11338
1gve_B_GOL_1331,1gve_C01569_R03577
1gde_A_PLP_413,1gde_C00250_R01712
1gve_B_GOL_1336,1gve_C00937_R01735
1gve_B_GOL_1328,1gve_C00256_R00704
1eix_B_BMQ_1302,1eix_C01103_R00965
1gve_B_GOL_1336,1gve_C00258_R01745
1gt8_A_UAA_1035,1gt8_C21028_R01415
1i80_A_9HX_301,1i80_C00385_R02297
1e3v_B_DXC_801,1e3v_C20252_R09955
1dqn_B_IMU_301,1dqn_C00144_R01229
1a7a_A_MSE_351,1a7a_C00155_R00192
1gve_B_GOL_1328,1gve_C01569_R03577
1gve_A_CIT_1331,1gve_C04409_R02665
1g6c_B_TZP_2006,1g6c_C20246_R11312
1eyq_A_NAR_501,1eyq_C00766_R07344
1gve_B_GOL_1330,1gve_C00258_R01392
1bhn_C_GDP_161,1bhn_C00104_R00722
1fdu_D_EST_352,1fdu_C05141_R04681
1gve_A_CIT_1331,1gve_C00497_R00215
1gve_A_CIT_1331,1gve_C00042_R00714
1i10_E_OXM_814,1i10_C00186_R00703
1gzf_D_ADP_1247,1gzf_C04646_R08237
1e3w_D_AAE_302,1e3w_C06001_R05066
1fdj_C_13P_7001,1fdj_C00577_R02568
1gve_A_GOL_1330,1gve_C01620_R03733
1gve_B_GOL_1331,1gve_C21290_R11447
1h0c_A_GOL_1398,1h0c_C00168_R00585
1aw1_K_PGA_290,1aw1_C00118_R01015
1iih_B_3PG_600,1iih_C00118_R01015
1gve_B_GOL_1333,1gve_C00623_R05680
1f2e_A_GSH_210,1f2e_C14874_R07113
1bhn_F_GDP_161,1bhn_C01344_R03530
1d7a_A_AIR_300,1d7a_C15667_R07405
1dz9_A_CAM_503,1dz9_C03448_R03818
1gt8_C_UAA_1035,1gt8_C00429_R00978
1fpb_A_FDP_336,1fpb_C05378_R04780
1gve_B_GOL_1331,1gve_C05823_R03104
1b3o_A_CPR_631,1b3o_C04646_R08240
1gve_A_GOL_1329,1gve_C05979_R02377
1gve_A_GOL_1329,1gve_C06001_R05066
1gve_B_GOL_1334,1gve_C00118_R01058
1gz3_A_FUM_605,1gz3_C00036_R00217
1gde_A_GLU_914,1gde_C00555_R07408
1i80_C_9HX_303,1i80_C00242_R02147
1dag_A_DSD_225,1dag_C01037_R03182
1dqa_A_MAH_201,1dqa_C00418_R02082
1gve_B_GOL_1333,1gve_C00900_R03051
1ghd_B_MSE_64,1ghd_C02378_R00059
1e4i_A_G2F_2000,1e4i_C00031_R00306
1afs_A_TES_325,1afs_C05480_R04846
1dgk_N_ADP_922,1dgk_C00206_R01140
1g0o_D_PYQ_1407,1g0o_C01624_R03322
1g79_A_PLP_260,1g79_C00314_R01711
1gve_A_CIT_1331,1gve_C01163_R01631
1afs_B_TES_325,1afs_C05476_R04837
1fwr_B_CIT_214,1fwr_C20485_R10283
1g67_B_TZP_2006,1g67_C20247_R10712
1hkv_B_LYS_501,1hkv_C00680_R00451
1gve_B_GOL_1330,1gve_C21290_R11338
1ghd_B_MSE_172,1ghd_C02378_R00059
1gve_A_CIT_1331,1gve_C00898_R06180
1gve_B_GOL_1328,1gve_C02287_R02969
1gve_B_GOL_1328,1gve_C00093_R00842
1gve_B_GOL_1331,1gve_C00937_R02527
1h17_A_DTL_9010,1h17_C00109_R06987
1gve_B_GOL_1328,1gve_C00532_R01758
1gve_B_GOL_1330,1gve_C01569_R03577
1fm7_A_DFV_501,1fm7_C00766_R07344
1gve_B_GOL_1331,1gve_C02457_R03119
1g9s_A_IMP_190,1g9s_C16615_R08238
1gve_A_CIT_1331,1gve_C16649_R08325
1cja_B_AMP_525,1cja_C00008_R00162
1i18_A_RBF_98,1i18_C04332_R00066
1gve_B_GOL_1334,1gve_C11822_R06830
1g9s_A_IMP_190,1g9s_C00144_R01229
1dz4_A_CAM_502,1dz4_C03448_R03818
1ihi_A_IU5_326,1ihi_C03072_R10423
1fq0_A_CIT_509,1fq0_C05946_R00471
1h7x_B_URF_1033,1h7x_C21028_R01415
1gve_B_GOL_1333,1gve_C01188_R02047
1gve_B_GOL_1331,1gve_C01013_R01608
1fag_B_PAM_473,1fag_C05966_R07043
1fdu_C_EST_353,1fdu_C18075_R08980
1ik4_F_PGH_153,1ik4_C00111_R01016
1gve_B_GOL_1333,1gve_C05823_R03104
1gxs_C_BEZ_602,1gxs_C03742_R02676
1gve_A_GOL_1330,1gve_C21290_R11338
1h7x_C_URF_1033,1h7x_C00429_R00978
1i10_B_OXM_805,1i10_C05984_R01000
1a7a_A_MSE_167,1a7a_C05698_R04936
1he4_A_FMN_1207,1he4_C01007_R05707
1gve_B_GOL_1330,1gve_C00583_R02257
1ik4_A_PGH_153,1ik4_C00111_R01016
1axw_B_UMP_604,1axw_C00364_R02101
1gve_B_GOL_1328,1gve_C05979_R02377
1gve_B_GOL_1333,1gve_C01620_R03733
1h49_B_BGC_1503,1h49_C01594_R10040
1g67_B_TZP_2006,1g67_C20246_R11312
1dbo_A_ASG_514,1dbo_C04864_R10871
1bjp_D_OXP_63,1bjp_C07478_R05389
1gu1_K_FA1_201,1gu1_C00944_R03084
1gve_A_GOL_1330,1gve_C01089_R01361
1gve_B_GOL_1331,1gve_C02287_R02969
1g6c_A_TZP_2005,1g6c_C20246_R11312
1ghe_B_MSE_112,1ghe_C03401_R04211
1gzf_C_NIR_1252,1gzf_C03150_R02294
1a7a_A_MSE_56,1a7a_C05698_R04936
1fcv_A_NAG_404,1fcv_C16265_R07825
1h74_C_ILE_500,1h74_C00263_R01771
1gqt_A_RIB_1311,1gqt_C01801_R02750
1ghe_A_MSE_97,1ghe_C00109_R06987
1d7a_B_AIR_350,1d7a_C15667_R07405
1dyu_A_TPQ_466,1dyu_C03758_R04300
1g9t_A_5GP_190,1g9t_C00020_R00190
1gve_B_GOL_1331,1gve_C00118_R07159
1h0c_A_GOL_1394,1h0c_C00168_R00585
1dqa_C_MAH_204,1dqa_C00418_R02082
1he5_A_LUM_1207,1he5_C01007_R05707
1dqa_B_MAH_202,1dqa_C00418_R02082
1gve_A_GOL_1330,1gve_C05999_R02531
1dud_A_DUD_153,1dud_C00460_R02100
1fmo_E_ADN_351,1fmo_C00008_R00162
1gve_B_GOL_1330,1gve_C00093_R00849
1gve_A_GOL_1329,1gve_C00222_R01604
1fq0_B_CIT_510,1fq0_C05946_R00471
1gve_B_GOL_1336,1gve_C06002_R03869
1afs_A_TES_325,1afs_C05470_R04829
1gve_A_CIT_1331,1gve_C00036_R01447
1e6w_C_EST_302,1e6w_C00535_R01836
1fq0_C_CIT_511,1fq0_C20485_R10283
1hm2_A_ASG_709,1hm2_C04864_R10870
1fdt_A_EST_350,1fdt_C18075_R08945
1gve_A_GOL_1329,1gve_C21290_R11338
1hmp_B_5GP_800,1hmp_C00020_R00190
1gve_A_GOL_1329,1gve_C00474_R01895
1i10_B_OXM_805,1i10_C00186_R00703
1gve_A_GOL_1329,1gve_C02287_R02969
1gve_B_GOL_1330,1gve_C02912_R03080
1gve_A_CIT_1331,1gve_C04434_R09565
1bcp_K_ATP_111,1bcp_C00020_R10836
1gve_A_GOL_1329,1gve_C05984_R01000
1gve_B_GOL_1333,1gve_C11822_R06830
1d6n_A_PPO_300,1d6n_C00385_R02142
1e9l_A_GCS_800,1e9l_C00140_R07809
1fwr_B_CIT_214,1fwr_C01127_R00470
1bhn_D_GDP_161,1bhn_C01344_R03530
1a7a_B_MSE_33,1a7a_C05698_R04936
1gve_A_CIT_1331,1gve_C00552_R02544
1gve_A_CIT_1331,1gve_C16159_R07985
1ghe_A_MSE_38,1ghe_C03283_R06978
1ds5_D_AMP_701,1ds5_C00008_R03632
1gw2_A_FER_601,1gw2_C12205_R07443
1gve_B_GOL_1331,1gve_C06010_R05071
1gzf_C_ADP_1253,1gzf_C20463_R10244
1bjp_C_OXP_63,1bjp_C07478_R05389
1cb7_B_TAR_900,1cb7_C03618_R00262
1ghe_B_MSE_43,1ghe_C00109_R06987
1e6y_D_COM_5572,1e6y_C03920_R04541
1b3o_B_CPR_631,1b3o_C00130_R01130
1gs3_A_EQU_801,1gs3_C01034_R02644
1bjp_A_OXP_63,1bjp_C02501_R03966
1ghe_A_MSE_97,1ghe_C04650_R08938
1gse_B_BME_226,1gse_C14870_R07116
1gve_A_CIT_1331,1gve_C00311_R00267
1gve_B_GOL_1333,1gve_C06010_R05071
1gve_B_GOL_1336,1gve_C03044_R02946
1gve_B_GOL_1333,1gve_C00266_R01333
1gzf_C_ADP_1253,1gzf_C00020_R00190
1gve_A_GOL_1330,1gve_C01432_R11676
1hmp_A_5GP_300,1hmp_C00020_R00190
1afs_B_TES_325,1afs_C05474_R04836
1ie3_C_PYR_317,1ie3_C11537_R07136
1gve_B_GOL_1336,1gve_C21290_R11338
1gve_B_GOL_1328,1gve_C01620_R03733
1gve_A_GOL_1330,1gve_C00532_R01903
1gve_A_CIT_1331,1gve_C05379_R00268
1gve_B_GOL_1333,1gve_C05985_R02940
1c2y_F_LMZ_206,1c2y_C04732_R04457
1hbu_D_COM_1552,1hbu_C03920_R04541
1egh_A_PGA_201,1egh_C00111_R01016
1fqg_A_PNM_523,1fqg_C16672_R04318
1i80_B_9HX_302,1i80_C00385_R02297
1gz4_B_FUM_605,1gz4_C00149_R00214
1afs_B_TES_325,1afs_C05480_R04846
1c2y_D_LMZ_204,1c2y_C04732_R04457
1gve_A_GOL_1330,1gve_C03044_R02946
1gve_B_GOL_1330,1gve_C06001_R05066
1fwr_C_CIT_214,1fwr_C01127_R00470
1f3t_A_PUT_1002,1f3t_C00077_R00670
1a7a_A_MSE_29,1a7a_C05698_R04936
1gve_B_GOL_1333,1gve_C02457_R03119
1gve_B_GOL_1333,1gve_C00022_R00398
1gnw_A_GTX_213,1gnw_C14871_R07116
1h7r_A_SHU_1343,1h7r_C00430_R00036
1c2y_E_LMZ_205,1c2y_C04732_R04457
1ghe_B_MSE_43,1ghe_C00263_R01776
1i10_E_OXM_814,1i10_C05823_R03104
1gwv_B_LAT_1371,1gwv_C00611_R06145
1fq0_B_CIT_510,1fq0_C01127_R00470
1g69_B_TZP_2006,1g69_C20247_R10712
1buq_A_NTH_126,1buq_C20252_R09955
1gve_A_GOL_1330,1gve_C01569_R03577
1gve_B_GOL_1331,1gve_C00164_R05713
1gve_B_GOL_1333,1gve_C00532_R02441
1im8_A_MSE_93,1im8_C05688_R04931
1a9t_A_HPA_290,1a9t_C00242_R01969
1gve_B_GOL_1328,1gve_C01904_R05604
1g77_A_PLP_260,1g77_C00647_R00277
1gve_B_GOL_1331,1gve_C02001_R03572
1afs_A_TES_325,1afs_C05478_R04842
1gve_B_GOL_1330,1gve_C05984_R01000
1bq1_B_UMP_567,1bq1_C00364_R02101
1fag_B_PAM_473,1fag_C14814_R07045
1i10_F_OXM_817,1i10_C00186_R00703
1gve_B_GOL_1330,1gve_C00546_R00203
1gve_B_GOL_1334,1gve_C00093_R00845
1dvr_A_ATF_230,1dvr_C00008_R00127
1g0o_C_PYQ_1406,1g0o_C01624_R03322
1gve_B_GOL_1336,1gve_C01432_R11676
1gve_B_GOL_1330,1gve_C03046_R03707
1gve_B_GOL_1330,1gve_C02001_R03572
1gz3_B_FUM_605,1gz3_C00149_R00214
1im8_A_MSE_205,1im8_C05688_R04931
1ci7_A_UMP_767,1ci7_C00364_R02101
1ddx_B_PGX_1701,1ddx_C00427_R01599
1fwr_A_CIT_214,1fwr_C05946_R00471
1gzf_D_ADP_1247,1gzf_C20463_R10244
1b74_A_DGN_538,1b74_C00025_R00260
1bhn_C_GDP_161,1bhn_C00361_R01857
1gve_B_GOL_1331,1gve_C03044_R02946
1gve_B_GOL_1328,1gve_C01845_R10702
1i80_B_9HX_302,1i80_C00242_R02147
1gve_B_GOL_1330,1gve_C00532_R01759
1ghe_A_MSE_112,1ghe_C00263_R01776
1gve_B_GOL_1328,1gve_C00937_R02527
1e3r_A_AND_801,1e3r_C01034_R02644
1e55_A_DHR_514,1e55_C00561_R02558
1c97_A_ICT_756,1c97_C00417_R01325
1gt8_C_UAA_1035,1gt8_C07649_R08226
1dbt_A_U5P_250,1dbt_C01103_R00965
1e6w_C_EST_302,1e6w_C04295_R03407
1gve_A_GOL_1330,1gve_C01013_R01608
1gve_B_GOL_1328,1gve_C01013_R09289
1h0c_A_AOA_1392,1h0c_C00048_R00369
1gve_B_GOL_1328,1gve_C00164_R05713
1bjp_A_OXP_63,1bjp_C07478_R05389
1diq_B_PCR_799,1diq_C14582_R11194
1gve_B_GOL_1334,1gve_C05979_R02377
1dz4_B_CAM_502,1dz4_C03448_R03818
1dqn_B_IMU_301,1dqn_C16619_R08245
1fp1_D_SAH_1699,1fp1_C00019_R03623
1gve_B_GOL_1331,1gve_C00474_R01895
1bhn_A_GDP_161,1bhn_C00008_R00124
1ddx_D_PGX_3701,1ddx_C00427_R01599
1f06_B_2NP_950,1f06_C00680_R02755
1a7a_B_MSE_254,1a7a_C05698_R04936
1dbt_B_U5P_251,1dbt_C01103_R00965
1ghe_B_MSE_97,1ghe_C00263_R01777
1gve_A_CIT_1331,1gve_C03459_R01750
1gu1_I_FA1_201,1gu1_C00944_R03084
1gve_B_GOL_1328,1gve_C20657_R10504
1ghe_B_MSE_43,1ghe_C03283_R06978
1dqn_B_IMU_301,1dqn_C00020_R00190
1fq0_A_CIT_509,1fq0_C20485_R10283
1g9t_A_5GP_190,1g9t_C16619_R08245
1a97_B_5GP_305,1a97_C00655_R02142
1fm7_A_DFV_501,1fm7_C09827_R07990
1c2y_C_LMZ_203,1c2y_C04732_R04457
1fwr_C_CIT_214,1fwr_C20485_R10283
1a7a_B_MSE_29,1a7a_C05698_R04936
1e9l_A_GCS_800,1e9l_C04132_R07810
1d4f_B_ADN_602,1d4f_C05692_R04936
1g6c_B_TZP_2006,1g6c_C20247_R10712
1gve_B_GOL_1330,1gve_C06010_R05071
1gve_B_GOL_1336,1gve_C20657_R10504
1equ_A_EQI_329,1equ_C05141_R04681
1fgx_B_U5P_101,1fgx_C00015_R05989
1chm_A_CMS_404,1chm_C00300_R01566
1gve_B_GOL_1333,1gve_C00546_R02528
1cqs_B_EQU_802,1cqs_C01034_R02644
1a9t_A_HPA_290,1a9t_C15587_R08368
1a9t_A_HPA_290,1a9t_C00385_R02297
1ghe_B_MSE_38,1ghe_C08492_R09631
1ghp_A_PNM_1,1ghp_C16672_R04318
1buq_B_NTH_326,1buq_C01034_R02644
1gve_A_GOL_1329,1gve_C01904_R05604
1gve_B_GOL_1336,1gve_C05999_R02531
1gde_A_GLU_414,1gde_C00555_R07408
1fdu_B_EST_354,1fdu_C05141_R04681
1a7a_B_MSE_168,1a7a_C05698_R04936
1dqx_A_BMP_601,1dqx_C01103_R00965
1gve_A_GOL_1329,1gve_C00266_R01333
1d2h_C_SAH_3301,1d2h_C00019_R00367
1ghe_A_MSE_38,1ghe_C03401_R04211
1g9t_A_5GP_190,1g9t_C04646_R08237
1a7a_A_MSE_254,1a7a_C05698_R04936
1gzf_D_ADP_1247,1gzf_C00655_R02142
1g0o_B_PYQ_1405,1g0o_C01624_R03322
1hti_B_PGA_549,1hti_C00118_R01015
1aiq_A_UMP_265,1aiq_C00364_R02101
1gve_B_GOL_1336,1gve_C00379_R01904
1gve_B_GOL_1331,1gve_C03197_R03225
1ghe_B_MSE_43,1ghe_C03401_R04211
1ghe_A_MSE_97,1ghe_C08492_R09631
1gve_B_GOL_1331,1gve_C11822_R06830
1gve_B_GOL_1330,1gve_C01845_R10702
1gve_B_GOL_1333,1gve_C00379_R01904
1c2y_N_LMZ_214,1c2y_C04732_R04457
1i0z_B_OXM_412,1i0z_C05823_R03104
1gyy_B_FHC_500,1gyy_C01179_R03342
1eix_C_BMQ_1303,1eix_C01103_R00965
1gw2_A_FER_601,1gw2_C02325_R03919
1gve_A_GOL_1329,1gve_C00118_R07159
1gve_B_GOL_1334,1gve_C03044_R02946
1a7a_B_MSE_262,1a7a_C05698_R04936
1gve_A_CIT_1331,1gve_C02630_R08198
1gve_B_GOL_1331,1gve_C00022_R00906
1e56_A_BGC_513,1e56_C08334_R10039
1bcp_E_ATP_111,1bcp_C00020_R10836
1gve_B_GOL_1331,1gve_C00424_R01446
1gve_A_CIT_1331,1gve_C02804_R10981
1hp1_A_ATP_606,1hp1_C00362_R01968
1fp2_A_HMO_2000,1fp2_C15616_R07375
1dvj_D_UP6_5004,1dvj_C01103_R00965
1c3e_B_GAR_223,1c3e_C04376_R04326
1g69_A_TZP_2005,1g69_C20247_R10712
1gve_A_GOL_1329,1gve_C05823_R03104
1e6w_C_EST_302,1e6w_C01227_R09957
1gve_B_GOL_1331,1gve_C21291_R11350
1g69_B_TZP_2006,1g69_C20246_R11312
1c2y_Q_LMZ_217,1c2y_C04732_R04457
1gve_A_GOL_1330,1gve_C00207_R08207
1hp1_A_ATP_606,1hp1_C00655_R02719
1gve_B_GOL_1333,1gve_C02917_R02258
1dna_A_UMP_603,1dna_C00364_R02101
1gve_B_GOL_1334,1gve_C02912_R03080
1gve_B_GOL_1334,1gve_C01188_R02047
1gve_B_GOL_1328,1gve_C00424_R01446
1ghe_B_MSE_112,1ghe_C03283_R06978
1gve_B_GOL_1334,1gve_C21290_R11338
1gve_B_GOL_1334,1gve_C03046_R03707
1gve_B_GOL_1336,1gve_C03197_R03225
1gzf_D_ADP_1247,1gzf_C00020_R10836
1gve_A_GOL_1330,1gve_C00810_R02855
1gve_B_GOL_1336,1gve_C05979_R02377
1gve_A_GOL_1329,1gve_C20657_R10505
1gve_B_GOL_1333,1gve_C02001_R03572
1gve_B_GOL_1334,1gve_C00583_R02257
1gve_B_GOL_1330,1gve_C01013_R01608
1ie3_C_PYR_317,1ie3_C00149_R00342
1ghd_B_MSE_304,1ghd_C02378_R00059
1h1w_A_ATP_1373,1h1w_C00008_R00162
1fpb_B_FDP_336,1fpb_C00354_R00762
1gt8_B_UAA_1035,1gt8_C07649_R08226
1ghd_A_MSE_147,1ghd_C02378_R00059
1gve_B_GOL_1328,1gve_C00623_R05680
1gve_A_GOL_1329,1gve_C11822_R06830
1hp1_A_ATP_606,1hp1_C00144_R01227
1gve_A_GOL_1330,1gve_C02001_R03572
1gve_B_GOL_1328,1gve_C00258_R01747
1coy_A_AND_508,1coy_C01034_R02644
1gve_B_GOL_1330,1gve_C00256_R00198
1cb7_D_TAR_900,1cb7_C03618_R00262
1gt8_A_UAA_1035,1gt8_C07649_R08226
1i10_G_OXM_820,1i10_C05984_R01000
1a7a_B_MSE_367,1a7a_C05698_R04936
1gve_B_GOL_1336,1gve_C06001_R05066
1gve_B_GOL_1328,1gve_C21290_R11447
1gve_B_GOL_1333,1gve_C00256_R00198
1bhn_A_GDP_161,1bhn_C01344_R03530
1fdj_B_13P_6002,1fdj_C00279_R01829
1gve_B_GOL_1328,1gve_C00186_R00703
1gve_A_GOL_1329,1gve_C06002_R03869
1c2y_K_LMZ_211,1c2y_C04732_R04457
1gve_B_GOL_1331,1gve_C00222_R01607
1i0z_B_OXM_412,1i0z_C05984_R01000
1dgk_N_ADP_922,1dgk_C00131_R01965
1fag_D_PAM_473,1fag_C05966_R07042
1e6v_D_COM_1555,1e6v_C03920_R04541
1gve_B_GOL_1333,1gve_C02287_R02969
1gve_B_GOL_1336,1gve_C21291_R11350
1dqx_B_BMP_602,1dqx_C01103_R00965
1e56_B_BGC_513,1e56_C08334_R10039
1eyq_A_NAR_501,1eyq_C09762_R06556
1gve_B_GOL_1334,1gve_C02457_R03119
1gve_B_GOL_1330,1gve_C05985_R02940
1gve_B_GOL_1334,1gve_C00937_R02527
1cqs_A_EQU_801,1cqs_C01034_R02644
1eyq_A_NAR_501,1eyq_C09827_R07990
1f7r_A_UDP_138,1f7r_C00460_R02100
1g67_A_TZP_2005,1g67_C20246_R11312
1gt8_D_UAA_1035,1gt8_C21028_R01415
1g42_A_CP2_701,1g42_C06752_R05284
1gz3_D_FUM_605,1gz3_C00036_R00217
1gve_B_GOL_1336,1gve_C00532_R02441
1gve_A_GOL_1330,1gve_C01904_R07134
1fm7_B_DFV_502,1fm7_C09827_R07990
1e4i_A_G2F_2000,1e4i_C01594_R10040
1gve_A_GOL_1330,1gve_C01188_R02047
1gve_B_GOL_1336,1gve_C00623_R05679
1gu1_L_FA1_201,1gu1_C00944_R03084
1gw2_A_FER_601,1gw2_C00590_R02596
1dna_B_UMP_604,1dna_C00364_R02101
1bjp_C_OXP_63,1bjp_C02501_R03966
1gve_B_GOL_1336,1gve_C00583_R10717
1gve_B_GOL_1330,1gve_C05979_R02377
1ahi_B_CHO_301,1ahi_C00695_R02792
1gve_A_GOL_1330,1gve_C00256_R11591
1hmp_B_5GP_800,1hmp_C00130_R01132
1btm_A_PGA_560,1btm_C00118_R01015
1gve_A_CIT_1331,1gve_C05947_R04445
1a9t_A_HPA_290,1a9t_C00106_R02484
1gzf_C_NIR_1252,1gzf_C00299_R01876
1f7n_A_UMP_139,1f7n_C00460_R02100
1d6n_B_PPO_301,1d6n_C00385_R02142
1g9s_A_IMP_190,1g9s_C00020_R00190
1cza_N_G6P_919,1cza_C00352_R01961
1gve_A_GOL_1329,1gve_C05985_R02940
1gve_B_GOL_1333,1gve_C00741_R09078
1dgk_N_ADP_921,1dgk_C00104_R00876
1gve_A_GOL_1330,1gve_C00379_R01904
1hmp_A_5GP_300,1hmp_C00130_R01132
1i80_A_9HX_301,1i80_C00262_R01863
1gzf_C_NIR_1252,1gzf_C05841_R02295
1gve_B_GOL_1334,1gve_C00379_R01904
1gve_A_GOL_1329,1gve_C00256_R00297
1c2y_H_LMZ_208,1c2y_C04732_R04457
1gve_B_GOL_1328,1gve_C00741_R09078
1gve_B_GOL_1336,1gve_C00810_R02855
1igz_A_EIC_700,1igz_C00219_R01599
1gzf_D_ADP_1247,1gzf_C01762_R02297
1gz4_C_FUM_605,1gz4_C00149_R00214
1gve_B_GOL_1328,1gve_C03197_R03225
1dqn_B_IMU_301,1dqn_C04646_R08237
1gve_B_GOL_1333,1gve_C01904_R07143
1im8_A_MSE_30,1im8_C05688_R04931
1fdj_B_13P_6002,1fdj_C00577_R02568
1fdj_C_13P_7001,1fdj_C00279_R01829
1gth_D_URA_1034,1gth_C21028_R01415
1gve_B_GOL_1334,1gve_C00258_R01745
1gve_B_GOL_1334,1gve_C01380_R01781
1ghd_B_MSE_460,1ghd_C02378_R00059
1a7a_A_MSE_168,1a7a_C05698_R04936
1byd_A_DOM_498,1byd_C00208_R11262
1dvj_B_UP6_5002,1dvj_C01103_R00965
1gve_B_GOL_1330,1gve_C00022_R00562
1gve_B_GOL_1330,1gve_C00810_R02855
1gve_B_GOL_1330,1gve_C01620_R03733
1gzf_D_ADP_1247,1gzf_C05513_R02646
1gve_A_GOL_1329,1gve_C05999_R02531
1gve_B_GOL_1334,1gve_C00810_R02855
1hp1_A_ATP_606,1hp1_C00360_R02088
1gzf_C_NIR_1252,1gzf_C00455_R01271
1ihi_B_IU5_327,1ihi_C03072_R10423
1ds5_C_AMP_601,1ds5_C00008_R03632
1a7a_A_MSE_351,1a7a_C05698_R04936
1gu1_D_FA1_201,1gu1_C00944_R03084
1gve_B_GOL_1330,1gve_C00207_R08207
1gz4_B_FUM_605,1gz4_C00036_R00217
1fwr_A_CIT_214,1fwr_C01127_R00470
1dpm_B_EBP_903,1dpm_C06606_R05548
1gve_A_GOL_1329,1gve_C02917_R02258
1gve_B_GOL_1328,1gve_C00266_R01333
1gve_B_GOL_1328,1gve_C02912_R03080
1bhn_C_GDP_161,1bhn_C00008_R00124
1gve_B_GOL_1333,1gve_C06001_R05066
1gve_B_GOL_1336,1gve_C01620_R03733
1fpb_A_FDP_336,1fpb_C00354_R00762
1aiq_B_UMP_266,1aiq_C00364_R02101
1d4f_A_ADN_601,1d4f_C05692_R04936
1c3e_A_GAR_221,1c3e_C04376_R04326
1gyy_B_FHC_500,1gyy_C00166_R01378
1gve_B_GOL_1334,1gve_C00474_R01895
1buq_B_NTH_326,1buq_C20252_R09955
1ca7_A_ENO_501,1ca7_C00166_R01378
1d7a_D_AIR_450,1d7a_C15667_R07405
1eix_A_BMQ_1301,1eix_C01103_R00965
1bhn_F_GDP_161,1bhn_C00008_R00124
1equ_A_EQI_329,1equ_C18075_R08980
1gu1_J_FA1_201,1gu1_C00944_R03084
1gve_A_CIT_1331,1gve_C04324_R03550
1gve_B_GOL_1330,1gve_C01089_R01361
1gqt_B_RIB_1311,1gqt_C01801_R02750
1aw1_B_PGA_290,1aw1_C00118_R01015
1gve_A_GOL_1329,1gve_C04272_R04440
1i80_C_9HX_303,1i80_C00262_R01863
1fm7_B_DFV_502,1fm7_C09614_R07995
1gde_B_PLP_913,1gde_C00250_R01712
1d6n_B_PPO_301,1d6n_C00242_R01229
1a27_A_EST_350,1a27_C18075_R08945
1dz6_B_CAM_502,1dz6_C03448_R03818
1dgp_B_FOH_402,1dgp_C00448_R02307
1gve_B_GOL_1334,1gve_C00266_R01333
1aw1_D_PGA_290,1aw1_C00118_R01015
1ghe_A_MSE_112,1ghe_C03283_R06978
1gve_B_GOL_1330,1gve_C01904_R07144
1gve_B_GOL_1330,1gve_C02457_R03119
1gve_B_GOL_1336,1gve_C05823_R03104
1gz4_D_FUM_605,1gz4_C00149_R00214
1fdj_D_13P_8001,1fdj_C00577_R02568
1gve_B_GOL_1328,1gve_C01089_R01361
1afs_A_TES_325,1afs_C03072_R10423
1gve_A_CIT_1331,1gve_C01087_R11593
1e1f_A_PSG_513,1e1f_C05839_R04998
1gve_B_GOL_1330,1gve_C04272_R04439
1f7k_B_UMP_703,1f7k_C00460_R02100
1ghe_B_MSE_97,1ghe_C03401_R04211
1d2h_B_SAH_2301,1d2h_C00019_R00367
1ghe_A_MSE_112,1ghe_C03401_R04211
1gve_A_GOL_1330,1gve_C20657_R10505
1g79_A_PLP_260,1g79_C00647_R00277
1h74_A_ILE_500,1h74_C00263_R01771
1ghe_A_MSE_38,1ghe_C04650_R08938
1gth_D_URA_1034,1gth_C07649_R08226
1gu1_C_FA1_201,1gu1_C00944_R03084
1gve_B_GOL_1336,1gve_C01845_R10702
1cqs_A_EQU_801,1cqs_C20252_R09955
1gve_A_GOL_1329,1gve_C00937_R01735
1gve_A_GOL_1330,1gve_C21291_R11350
1b02_A_UFP_280,1b02_C00364_R02101
1hqs_B_CIT_825,1hqs_C05379_R00268
1a9t_A_R1P_291,1a9t_C00672_R01969
1ank_A_AMP_215,1ank_C00360_R01547
1gve_B_GOL_1330,1gve_C01432_R11676
1dpm_A_EBP_901,1dpm_C06606_R05548
1hmu_A_ASG_709,1hmu_C04864_R10870
1gve_B_GOL_1330,1gve_C16884_R08573
1gve_B_GOL_1336,1gve_C00164_R05713
1ca7_B_ENO_601,1ca7_C00166_R01378
1eix_D_BMQ_1304,1eix_C01103_R00965
1gve_A_GOL_1330,1gve_C03197_R03225
1gve_B_GOL_1333,1gve_C20657_R10504
1gve_B_GOL_1334,1gve_C20657_R10505
1fin_C_ATP_299,1fin_C00008_R00162
1gve_B_GOL_1328,1gve_C04272_R10916
1gve_A_CIT_1331,1gve_C06007_R05068
1ds5_B_AMP_801,1ds5_C00008_R03632
1g6c_A_TZP_2005,1g6c_C20247_R10712
1dqn_B_IMU_301,1dqn_C00130_R01132
1gve_A_GOL_1330,1gve_C02457_R03119
1g69_A_TZP_2005,1g69_C20246_R11312
1ami_A_MIC_755,1ami_C00417_R01325
1gyy_A_FHC_500,1gyy_C00166_R01378
1gz3_B_FUM_605,1gz3_C00036_R00217
1i10_F_OXM_817,1i10_C05984_R01000
1fdu_C_EST_353,1fdu_C05141_R04681
1c2y_A_LMZ_201,1c2y_C04732_R04457
1g42_A_CP2_701,1g42_C06610_R05368
1gve_A_GOL_1330,1gve_C00258_R01392
1aw1_A_PGA_290,1aw1_C00118_R01015
1gve_A_GOL_1330,1gve_C05823_R03104
1gve_B_GOL_1328,1gve_C06002_R03869
1gve_B_GOL_1331,1gve_C00207_R08207
1a7a_B_MSE_35,1a7a_C05698_R04936
1gve_B_GOL_1336,1gve_C00022_R11593
1gve_B_GOL_1336,1gve_C02457_R03119
1g4t_B_FTP_2002,1g4t_C01081_R11312
1gve_B_GOL_1330,1gve_C21291_R11350
1gz3_C_FUM_605,1gz3_C00036_R00217
1h0s_A_FA6_200,1h0s_C00944_R03084
1fa2_A_DOM_1597,1fa2_C00208_R11262
1gve_A_GOL_1329,1gve_C21291_R11350
1ghd_B_MSE_149,1ghd_C02378_R00059
